{"stats":{"minecraft:dropped":{"minecraft:potion":2,"minecraft:golden_apple":1},"minecraft:picked_up":{"minecraft:wooden_axe":1,"minecraft:dandelion":2,"minecraft:potion":1,"minecraft:grass_block":1,"minecraft:bone":1,"minecraft:oak_sign":2,"minecraft:wheat_seeds":1,"minecraft:bamboo":8,"minecraft:obsidian":1,"minecraft:cobblestone":11},"minecraft:used":{"minecraft:redstone_torch":4,"minecraft:mossy_cobblestone_stairs":6,"minecraft:water_bucket":3,"minecraft:sea_lantern":10,"minecraft:end_stone_bricks":9,"minecraft:firework_rocket":30,"minecraft:dirt_path":8,"minecraft:grass_block":57,"minecraft:elytra":1,"minecraft:oak_sign":7,"minecraft:chest":4,"minecraft:mossy_cobblestone":70,"minecraft:anvil":1,"minecraft:cobblestone":2,"minecraft:potion":11,"minecraft:tnt":139,"minecraft:furnace":2,"minecraft:goat_horn":1,"minecraft:grindstone":2,"minecraft:trapped_chest":1,"minecraft:obsidian":522,"minecraft:experience_bottle":29},"minecraft:custom":{"minecraft:time_since_rest":3141,"minecraft:sprint_one_cm":32439,"minecraft:damage_taken":325,"minecraft:walk_one_cm":171994,"minecraft:interact_with_anvil":2,"minecraft:drop":3,"minecraft:damage_dealt":19,"minecraft:fly_one_cm":944982,"minecraft:open_chest":34,"minecraft:crouch_one_cm":760,"minecraft:play_time":66224,"minecraft:deaths":2,"minecraft:sneak_time":1022,"minecraft:walk_under_water_one_cm":3273,"minecraft:aviate_one_cm":214351,"minecraft:jump":351,"minecraft:leave_game":3,"minecraft:time_since_death":3103,"minecraft:walk_on_water_one_cm":1390,"minecraft:total_world_time":66224,"minecraft:fall_one_cm":3139}},"DataVersion":3465}