{"stats":{"minecraft:picked_up":{"minecraft:wooden_axe":1,"minecraft:wheat_seeds":1,"minecraft:dandelion":2,"minecraft:grass_block":1,"minecraft:obsidian":1,"minecraft:cobblestone":11},"minecraft:used":{"minecraft:redstone_torch":4,"minecraft:water_bucket":3,"minecraft:sea_lantern":6,"minecraft:mossy_cobblestone":56,"minecraft:tnt":2,"minecraft:grass_block":54,"minecraft:oak_sign":3,"minecraft:obsidian":522},"minecraft:custom":{"minecraft:time_since_rest":9358,"minecraft:crouch_one_cm":351,"minecraft:sprint_one_cm":22031,"minecraft:play_time":24538,"minecraft:walk_one_cm":101187,"minecraft:damage_taken":60,"minecraft:deaths":1,"minecraft:sneak_time":161,"minecraft:jump":221,"minecraft:damage_dealt":19,"minecraft:leave_game":1,"minecraft:walk_on_water_one_cm":610,"minecraft:time_since_death":9322,"minecraft:total_world_time":24538,"minecraft:fall_one_cm":1370,"minecraft:fly_one_cm":74993}},"DataVersion":3465}