{"stats":{"minecraft:picked_up":{"minecraft:wooden_axe":1,"minecraft:wheat_seeds":1,"minecraft:dandelion":2,"minecraft:grass_block":1,"minecraft:obsidian":1,"minecraft:cobblestone":11},"minecraft:used":{"minecraft:redstone_torch":4,"minecraft:mossy_cobblestone_stairs":6,"minecraft:water_bucket":3,"minecraft:sea_lantern":10,"minecraft:mossy_cobblestone":69,"minecraft:end_stone_bricks":9,"minecraft:anvil":1,"minecraft:tnt":2,"minecraft:grass_block":54,"minecraft:oak_sign":7,"minecraft:chest":4,"minecraft:obsidian":522},"minecraft:custom":{"minecraft:time_since_rest":27358,"minecraft:crouch_one_cm":351,"minecraft:sprint_one_cm":26148,"minecraft:play_time":42538,"minecraft:walk_one_cm":126269,"minecraft:damage_taken":175,"minecraft:deaths":1,"minecraft:sneak_time":168,"minecraft:interact_with_anvil":2,"minecraft:jump":241,"minecraft:damage_dealt":19,"minecraft:leave_game":1,"minecraft:walk_on_water_one_cm":610,"minecraft:time_since_death":27322,"minecraft:total_world_time":42538,"minecraft:fall_one_cm":1370,"minecraft:fly_one_cm":79235,"minecraft:open_chest":28}},"DataVersion":3465}