{"stats":{"minecraft:picked_up":{"minecraft:dandelion":2,"minecraft:wheat_seeds":1,"minecraft:cobblestone":11},"minecraft:used":{"minecraft:redstone_torch":4,"minecraft:tnt":2,"minecraft:obsidian":222,"minecraft:grass_block":54},"minecraft:custom":{"minecraft:jump":137,"minecraft:time_since_rest":12538,"minecraft:damage_dealt":9,"minecraft:crouch_one_cm":66,"minecraft:leave_game":1,"minecraft:play_time":12538,"minecraft:sprint_one_cm":12649,"minecraft:damage_taken":60,"minecraft:time_since_death":12538,"minecraft:walk_one_cm":50593,"minecraft:sneak_time":72,"minecraft:total_world_time":12538,"minecraft:fall_one_cm":1370,"minecraft:fly_one_cm":40625}},"DataVersion":3465}