{"stats":{"minecraft:dropped":{"minecraft:potion":2},"minecraft:picked_up":{"minecraft:wooden_axe":1,"minecraft:bone":1,"minecraft:oak_sign":2,"minecraft:wheat_seeds":1,"minecraft:dandelion":2,"minecraft:potion":1,"minecraft:grass_block":1,"minecraft:obsidian":1,"minecraft:cobblestone":11},"minecraft:used":{"minecraft:mossy_cobblestone_stairs":6,"minecraft:dirt_path":8,"minecraft:water_bucket":3,"minecraft:mossy_cobblestone":70,"minecraft:sea_lantern":10,"minecraft:end_stone_bricks":9,"minecraft:cobblestone":2,"minecraft:potion":5,"minecraft:anvil":1,"minecraft:tnt":139,"minecraft:grindstone":2,"minecraft:furnace":2,"minecraft:grass_block":54,"minecraft:oak_sign":7,"minecraft:trapped_chest":1,"minecraft:chest":4,"minecraft:obsidian":522,"minecraft:redstone_torch":4},"minecraft:custom":{"minecraft:time_since_rest":39044,"minecraft:crouch_one_cm":489,"minecraft:sprint_one_cm":31696,"minecraft:play_time":54224,"minecraft:deaths":1,"minecraft:damage_taken":175,"minecraft:walk_one_cm":159259,"minecraft:sneak_time":555,"minecraft:interact_with_anvil":2,"minecraft:drop":2,"minecraft:jump":324,"minecraft:damage_dealt":19,"minecraft:leave_game":3,"minecraft:walk_on_water_one_cm":610,"minecraft:time_since_death":39008,"minecraft:total_world_time":54224,"minecraft:fall_one_cm":1370,"minecraft:fly_one_cm":341895,"minecraft:open_chest":29}},"DataVersion":3465}