{"stats":{"minecraft:dropped":{"minecraft:iron_sword":1,"minecraft:moss_block":2,"minecraft:wheat_seeds":2,"minecraft:glow_ink_sac":1,"minecraft:amethyst_block":9,"minecraft:granite":27,"minecraft:leather_helmet":2,"minecraft:stick":2,"minecraft:flint":2,"minecraft:dirt":1,"minecraft:diorite":4,"minecraft:wooden_hoe":3,"minecraft:wooden_axe":3,"minecraft:wooden_sword":1,"minecraft:iron_pickaxe":2,"minecraft:string":2,"minecraft:cobbled_deepslate":47,"minecraft:tuff":1,"minecraft:rotten_flesh":4,"minecraft:clay_ball":12,"minecraft:poppy":1,"minecraft:leather_chestplate":2,"minecraft:gunpowder":1,"minecraft:andesite":15,"minecraft:leather_boots":2,"minecraft:oak_sapling":4,"minecraft:wooden_shovel":4,"minecraft:leather_leggings":2,"minecraft:spider_eye":1,"minecraft:arrow":3,"minecraft:stone_pickaxe":2,"minecraft:wooden_pickaxe":4},"minecraft:killed":{"minecraft:spider":1,"minecraft:horse":7,"minecraft:skeleton":11,"minecraft:magma_cube":13,"minecraft:pig":1,"minecraft:creeper":1,"minecraft:zombie":8,"minecraft:glow_squid":2},"minecraft:picked_up":{"minecraft:wooden_axe":2,"minecraft:crafting_table":1,"minecraft:chicken":1,"minecraft:clay_ball":12,"minecraft:leather_leggings":1,"minecraft:wooden_pickaxe":3,"minecraft:amethyst_block":9,"minecraft:string":2,"minecraft:cobbled_deepslate":220,"minecraft:wooden_shovel":2,"minecraft:poppy":1,"minecraft:furnace":3,"minecraft:raw_iron":94,"minecraft:stick":2,"minecraft:torch":10,"minecraft:porkchop":1,"minecraft:diorite":11,"minecraft:arrow":5,"minecraft:rotten_flesh":5,"minecraft:obsidian":4,"minecraft:cobblestone":390,"minecraft:leather_chestplate":1,"minecraft:cooked_beef":9,"minecraft:magma_cream":1,"minecraft:glow_ink_sac":2,"minecraft:andesite":22,"minecraft:leather":6,"minecraft:red_mushroom":2,"minecraft:flint":3,"minecraft:tuff":21,"minecraft:oak_log":38,"minecraft:gunpowder":1,"minecraft:wooden_hoe":1,"minecraft:lapis_lazuli":132,"minecraft:dirt":23,"minecraft:leather_boots":1,"minecraft:bone":9,"minecraft:wheat_seeds":2,"minecraft:stone_pickaxe":1,"minecraft:moss_block":2,"minecraft:quartz":27,"minecraft:gravel":36,"minecraft:spider_eye":1,"minecraft:leather_helmet":1,"minecraft:diamond":60,"minecraft:granite":27,"minecraft:golden_apple":1,"minecraft:oak_sapling":4,"minecraft:netherrack":8,"minecraft:coal":155},"minecraft:used":{"minecraft:enchanting_table":1,"minecraft:flint_and_steel":2,"minecraft:oak_sign":3,"minecraft:iron_sword":28,"minecraft:wooden_shovel":30,"minecraft:torch":26,"minecraft:dirt":3,"minecraft:anvil":1,"minecraft:tuff":20,"minecraft:wooden_axe":53,"minecraft:lava_bucket":8,"minecraft:furnace":4,"minecraft:cobbled_deepslate":119,"minecraft:water_bucket":24,"minecraft:stone_pickaxe":129,"minecraft:wooden_pickaxe":55,"minecraft:glow_ink_sac":1,"minecraft:leather_boots":1,"minecraft:crafting_table":4,"minecraft:blast_furnace":1,"minecraft:diamond_pickaxe":638,"minecraft:bread":19,"minecraft:iron_pickaxe":210,"minecraft:gravel":14,"minecraft:diamond_sword":16,"minecraft:wooden_sword":109,"minecraft:cobblestone":140,"minecraft:grindstone":1,"minecraft:bucket":32},"minecraft:custom":{"minecraft:interact_with_anvil":2,"minecraft:mob_kills":44,"minecraft:interact_with_crafting_table":25,"minecraft:leave_game":2,"minecraft:time_since_death":77457,"minecraft:sprint_one_cm":91256,"minecraft:walk_one_cm":112456,"minecraft:drop":56,"minecraft:play_time":82961,"minecraft:deaths":1,"minecraft:sneak_time":21206,"minecraft:walk_under_water_one_cm":3190,"minecraft:jump":1076,"minecraft:interact_with_blast_furnace":9,"minecraft:walk_on_water_one_cm":7063,"minecraft:enchant_item":9,"minecraft:total_world_time":82961,"minecraft:interact_with_furnace":24,"minecraft:interact_with_grindstone":2,"minecraft:time_since_rest":77482,"minecraft:damage_taken":1412,"minecraft:damage_dealt":6636,"minecraft:swim_one_cm":14038,"minecraft:fly_one_cm":125835,"minecraft:open_chest":36,"minecraft:crouch_one_cm":62135,"minecraft:interact_with_smoker":2,"minecraft:fall_one_cm":19782},"minecraft:crafted":{"minecraft:grindstone":1,"minecraft:smooth_stone":3,"minecraft:oak_planks":64,"minecraft:oak_sign":3,"minecraft:furnace":2,"minecraft:blast_furnace":1,"minecraft:stone":6,"minecraft:flint_and_steel":1,"minecraft:diamond_helmet":1,"minecraft:diamond_leggings":1,"minecraft:iron_axe":1,"minecraft:stone_pickaxe":1,"minecraft:diamond_boots":1,"minecraft:diamond_sword":1,"minecraft:crafting_table":3,"minecraft:enchanting_table":1,"minecraft:wooden_pickaxe":1,"minecraft:iron_sword":1,"minecraft:bucket":1,"minecraft:air":0,"minecraft:diamond_pickaxe":4,"minecraft:stick":72,"minecraft:stone_slab":6,"minecraft:iron_pickaxe":2,"minecraft:iron_ingot":69,"minecraft:iron_block":3,"minecraft:gold_ingot":2,"minecraft:anvil":1,"minecraft:torch":16,"minecraft:diamond_chestplate":1},"minecraft:mined":{"minecraft:diamond_ore":4,"minecraft:tuff":21,"minecraft:deepslate_diamond_ore":11,"minecraft:obsidian":4,"minecraft:granite":27,"minecraft:grass_block":8,"minecraft:moss_block":3,"minecraft:furnace":3,"minecraft:cobbled_deepslate":3,"minecraft:iron_ore":85,"minecraft:fire":1,"minecraft:andesite":22,"minecraft:deepslate_lapis_ore":16,"minecraft:deepslate_iron_ore":9,"minecraft:stone":365,"minecraft:torch":2,"minecraft:crafting_table":1,"minecraft:clay":3,"minecraft:poppy":1,"minecraft:nether_quartz_ore":27,"minecraft:tall_grass":9,"minecraft:cobblestone":24,"minecraft:lapis_ore":6,"minecraft:diorite":11,"minecraft:wall_torch":7,"minecraft:grass":7,"minecraft:coal_ore":125,"minecraft:oak_log":38,"minecraft:dirt":15,"minecraft:gravel":41,"minecraft:netherrack":22,"minecraft:oak_leaves":11,"minecraft:deepslate":223}},"DataVersion":3465}