{"stats":{"minecraft:dropped":{"minecraft:gravel":15,"minecraft:iron_ingot":1,"minecraft:cooked_beef":18,"minecraft:cobbled_deepslate":437,"minecraft:diamond":46,"minecraft:tuff":39,"minecraft:feather":2,"minecraft:cobblestone":17,"minecraft:rotten_flesh":7,"minecraft:amethyst_block":9,"minecraft:golden_apple":2,"minecraft:leather_helmet":1,"minecraft:flint":2,"minecraft:leather_chestplate":1,"minecraft:diorite":29,"minecraft:diamond_pickaxe":1,"minecraft:wooden_axe":1,"minecraft:andesite":36,"minecraft:melon_seeds":6,"minecraft:leather_boots":1,"minecraft:spider_eye":2,"minecraft:leather_leggings":1,"minecraft:wooden_sword":1,"minecraft:arrow":1,"minecraft:stone_pickaxe":1,"minecraft:wooden_pickaxe":1,"minecraft:calcite":3,"minecraft:smooth_basalt":4},"minecraft:killed":{"minecraft:salmon":21,"minecraft:spider":3,"minecraft:skeleton":4,"minecraft:zombie":1,"minecraft:chicken":3,"minecraft:silverfish":6,"minecraft:drowned":2,"minecraft:cow":4},"minecraft:picked_up":{"minecraft:magma_block":1,"minecraft:crafting_table":3,"minecraft:basalt":7,"minecraft:feather":2,"minecraft:cooked_beef":9,"minecraft:chicken":2,"minecraft:glow_ink_sac":1,"minecraft:salmon":21,"minecraft:andesite":36,"minecraft:leather":4,"minecraft:smoker":1,"minecraft:flint":2,"minecraft:tuff":39,"minecraft:amethyst_block":8,"minecraft:string":3,"minecraft:name_tag":1,"minecraft:bone":5,"minecraft:cobbled_deepslate":678,"minecraft:raw_gold":8,"minecraft:music_disc_otherside":1,"minecraft:beef":9,"minecraft:iron_ingot":2,"minecraft:cooked_chicken":2,"minecraft:calcite":3,"minecraft:chest":3,"minecraft:smooth_basalt":4,"minecraft:raw_iron":45,"minecraft:torch":7,"minecraft:gravel":26,"minecraft:amethyst_shard":4,"minecraft:diorite":29,"minecraft:spruce_log":7,"minecraft:redstone":1,"minecraft:spider_eye":2,"minecraft:arrow":1,"minecraft:rotten_flesh":7,"minecraft:diamond":75,"minecraft:bone_meal":1,"minecraft:golden_apple":1,"minecraft:saddle":1,"minecraft:melon_seeds":6,"minecraft:coal":10,"minecraft:cobblestone":112,"minecraft:diamond_pickaxe":1},"minecraft:used":{"minecraft:stone_pickaxe":185,"minecraft:chest":2,"minecraft:wooden_pickaxe":44,"minecraft:glow_ink_sac":1,"minecraft:cooked_salmon":6,"minecraft:torch":2,"minecraft:crafting_table":2,"minecraft:smoker":2,"minecraft:wooden_axe":14,"minecraft:diamond_pickaxe":788,"minecraft:lava_bucket":14,"minecraft:bread":15,"minecraft:iron_pickaxe":48,"minecraft:gravel":11,"minecraft:basalt":7,"minecraft:diamond_sword":28,"minecraft:wooden_sword":78,"minecraft:magma_block":1,"minecraft:cobblestone":81,"minecraft:bucket":14,"minecraft:cobbled_deepslate":323},"minecraft:custom":{"minecraft:interact_with_furnace":4,"minecraft:mob_kills":45,"minecraft:interact_with_crafting_table":12,"minecraft:interact_with_grindstone":1,"minecraft:time_since_death":82877,"minecraft:time_since_rest":82877,"minecraft:sprint_one_cm":69330,"minecraft:damage_taken":1082,"minecraft:walk_one_cm":223724,"minecraft:drop":84,"minecraft:damage_dealt":3559,"minecraft:swim_one_cm":38384,"minecraft:fly_one_cm":53759,"minecraft:open_chest":31,"minecraft:crouch_one_cm":3230,"minecraft:play_time":82877,"minecraft:sneak_time":1574,"minecraft:walk_under_water_one_cm":19577,"minecraft:jump":768,"minecraft:interact_with_blast_furnace":10,"minecraft:walk_on_water_one_cm":15598,"minecraft:enchant_item":6,"minecraft:total_world_time":82877,"minecraft:interact_with_smoker":7,"minecraft:fall_one_cm":17477},"minecraft:crafted":{"minecraft:cooked_beef":9,"minecraft:diamond_sword":1,"minecraft:spruce_planks":12,"minecraft:furnace":1,"minecraft:cooked_salmon":21,"minecraft:amethyst_block":1,"minecraft:diamond_helmet":1,"minecraft:diamond_leggings":1,"minecraft:diamond_pickaxe":1,"minecraft:stick":24,"minecraft:iron_ingot":10,"minecraft:iron_pickaxe":1,"minecraft:stone_pickaxe":2,"minecraft:diamond_boots":1,"minecraft:gold_ingot":6,"minecraft:golden_boots":1,"minecraft:diamond_chestplate":1,"minecraft:smoker":1},"minecraft:broken":{"minecraft:stone_pickaxe":1},"minecraft:mined":{"minecraft:infested_deepslate":1,"minecraft:tuff":39,"minecraft:large_amethyst_bud":1,"minecraft:deepslate_diamond_ore":75,"minecraft:smoker":1,"minecraft:medium_amethyst_bud":2,"minecraft:sculk_vein":1,"minecraft:amethyst_cluster":1,"minecraft:basalt":11,"minecraft:crafting_table":3,"minecraft:budding_amethyst":3,"minecraft:calcite":3,"minecraft:chest":3,"minecraft:tall_grass":2,"minecraft:cobblestone":12,"minecraft:deepslate_gold_ore":8,"minecraft:diorite":29,"minecraft:wall_torch":2,"minecraft:amethyst_block":8,"minecraft:spawner":2,"minecraft:magma_block":1,"minecraft:iron_ore":42,"minecraft:cobbled_deepslate":5,"minecraft:spruce_log":7,"minecraft:andesite":36,"minecraft:small_amethyst_bud":4,"minecraft:grass":9,"minecraft:coal_ore":10,"minecraft:deepslate_iron_ore":2,"minecraft:gravel":21,"minecraft:smooth_basalt":2,"minecraft:stone":104,"minecraft:deepslate":635}},"DataVersion":3465}