{"stats":{"minecraft:dropped":{"minecraft:mossy_cobblestone":1,"minecraft:grass_block":54},"minecraft:killed":{"minecraft:spider":1,"minecraft:horse":1,"minecraft:zombie":2},"minecraft:picked_up":{"minecraft:leather":2,"minecraft:wheat_seeds":2,"minecraft:potato":1,"minecraft:oak_log":1,"minecraft:grass_block":54,"minecraft:dirt":127,"minecraft:string":2,"minecraft:mossy_cobblestone":1},"minecraft:used":{"minecraft:oak_log":1,"minecraft:netherite_sword":2,"minecraft:mossy_cobblestone":1,"minecraft:dirt":187,"minecraft:grass_block":71,"minecraft:oak_sign":3,"minecraft:chest":6,"minecraft:obsidian":89,"minecraft:grass":1},"minecraft:custom":{"minecraft:time_since_rest":148283,"minecraft:crouch_one_cm":7998,"minecraft:sprint_one_cm":25005,"minecraft:play_time":148283,"minecraft:walk_one_cm":100836,"minecraft:sneak_time":2097,"minecraft:mob_kills":4,"minecraft:drop":55,"minecraft:jump":905,"minecraft:damage_dealt":729,"minecraft:leave_game":4,"minecraft:walk_on_water_one_cm":267,"minecraft:time_since_death":148283,"minecraft:total_world_time":148283,"minecraft:fall_one_cm":2299,"minecraft:fly_one_cm":225197,"minecraft:horse_one_cm":7623},"minecraft:mined":{"minecraft:grass":2,"minecraft:grass_block":12,"minecraft:oak_log":1,"minecraft:dirt":4}},"DataVersion":3465}