{"stats":{"minecraft:mined":{"minecraft:grass":1,"minecraft:grass_block":6,"minecraft:oak_log":1,"minecraft:dirt":2},"minecraft:dropped":{"minecraft:grass_block":15},"minecraft:used":{"minecraft:oak_log":1,"minecraft:netherite_sword":2,"minecraft:dirt":8,"minecraft:grass_block":17,"minecraft:chest":1},"minecraft:custom":{"minecraft:time_since_rest":101536,"minecraft:crouch_one_cm":3937,"minecraft:sprint_one_cm":10953,"minecraft:play_time":101536,"minecraft:walk_one_cm":42514,"minecraft:sneak_time":797,"minecraft:mob_kills":2,"minecraft:drop":15,"minecraft:jump":510,"minecraft:damage_dealt":350,"minecraft:leave_game":1,"minecraft:time_since_death":101536,"minecraft:total_world_time":101536,"minecraft:fall_one_cm":1463,"minecraft:fly_one_cm":69736,"minecraft:horse_one_cm":7623},"minecraft:picked_up":{"minecraft:leather":2,"minecraft:oak_log":1,"minecraft:grass_block":15,"minecraft:dirt":8,"minecraft:string":2},"minecraft:killed":{"minecraft:spider":1,"minecraft:horse":1}},"DataVersion":3465}