{"stats":{"minecraft:dropped":{"minecraft:mossy_cobblestone":1,"minecraft:grass_block":54},"minecraft:killed":{"minecraft:horse":1,"minecraft:zombie":2,"minecraft:spider":1},"minecraft:picked_up":{"minecraft:leather":2,"minecraft:potato":1,"minecraft:potion":1,"minecraft:oak_log":1,"minecraft:grass_block":54,"minecraft:string":3,"minecraft:dirt":127,"minecraft:mossy_cobblestone":1,"minecraft:bone":1,"minecraft:oak_sign":1,"minecraft:wheat_seeds":2},"minecraft:used":{"minecraft:oak_log":1,"minecraft:mossy_cobblestone_stairs":74,"minecraft:netherite_sword":2,"minecraft:sea_lantern":1,"minecraft:firework_rocket":112,"minecraft:grass_block":71,"minecraft:elytra":1,"minecraft:quartz_block":2,"minecraft:oak_sign":5,"minecraft:chest":6,"minecraft:stone":28,"minecraft:mossy_cobblestone_slab":7,"minecraft:grass":1,"minecraft:glow_ink_sac":2,"minecraft:polished_andesite_slab":1,"minecraft:glowstone":3,"minecraft:mossy_cobblestone":2,"minecraft:dirt":187,"minecraft:obsidian":89},"minecraft:custom":{"minecraft:time_since_rest":13246,"minecraft:sprint_one_cm":38461,"minecraft:walk_one_cm":153872,"minecraft:mob_kills":4,"minecraft:drop":55,"minecraft:damage_dealt":759,"minecraft:fly_one_cm":926550,"minecraft:open_chest":6,"minecraft:crouch_one_cm":10164,"minecraft:play_time":190208,"minecraft:deaths":11,"minecraft:sneak_time":3483,"minecraft:walk_under_water_one_cm":3062,"minecraft:aviate_one_cm":600515,"minecraft:jump":1174,"minecraft:leave_game":5,"minecraft:walk_on_water_one_cm":1177,"minecraft:time_since_death":13217,"minecraft:climb_one_cm":37,"minecraft:total_world_time":190208,"minecraft:fall_one_cm":2508,"minecraft:horse_one_cm":7623},"minecraft:mined":{"minecraft:grass":2,"minecraft:grass_block":12,"minecraft:oak_log":1,"minecraft:dirt":4}},"DataVersion":3465}