{"stats":{"minecraft:dropped":{"minecraft:grass_block":54},"minecraft:killed":{"minecraft:spider":1,"minecraft:horse":1,"minecraft:zombie":2},"minecraft:picked_up":{"minecraft:leather":2,"minecraft:wheat_seeds":2,"minecraft:potato":1,"minecraft:oak_log":1,"minecraft:grass_block":54,"minecraft:dirt":127,"minecraft:string":2},"minecraft:used":{"minecraft:oak_log":1,"minecraft:netherite_sword":2,"minecraft:dirt":187,"minecraft:grass_block":70,"minecraft:chest":6,"minecraft:obsidian":1,"minecraft:grass":1},"minecraft:custom":{"minecraft:time_since_rest":136283,"minecraft:crouch_one_cm":7848,"minecraft:sprint_one_cm":23313,"minecraft:play_time":136283,"minecraft:walk_one_cm":91186,"minecraft:sneak_time":1961,"minecraft:mob_kills":4,"minecraft:drop":54,"minecraft:jump":885,"minecraft:damage_dealt":729,"minecraft:leave_game":4,"minecraft:time_since_death":136283,"minecraft:total_world_time":136283,"minecraft:fall_one_cm":2299,"minecraft:fly_one_cm":169249,"minecraft:horse_one_cm":7623},"minecraft:mined":{"minecraft:grass":2,"minecraft:grass_block":12,"minecraft:oak_log":1,"minecraft:dirt":4}},"DataVersion":3465}