{"stats":{"minecraft:dropped":{"minecraft:grass_block":15},"minecraft:killed":{"minecraft:spider":1,"minecraft:horse":1},"minecraft:picked_up":{"minecraft:leather":2,"minecraft:oak_log":1,"minecraft:grass_block":15,"minecraft:dirt":8,"minecraft:string":2},"minecraft:used":{"minecraft:oak_log":1,"minecraft:netherite_sword":2,"minecraft:dirt":8,"minecraft:grass_block":17,"minecraft:chest":6},"minecraft:custom":{"minecraft:time_since_rest":117381,"minecraft:crouch_one_cm":4269,"minecraft:sprint_one_cm":12473,"minecraft:play_time":117381,"minecraft:walk_one_cm":44587,"minecraft:sneak_time":1016,"minecraft:mob_kills":2,"minecraft:drop":15,"minecraft:jump":545,"minecraft:damage_dealt":350,"minecraft:leave_game":4,"minecraft:time_since_death":117381,"minecraft:total_world_time":117381,"minecraft:fall_one_cm":1463,"minecraft:fly_one_cm":76113,"minecraft:horse_one_cm":7623},"minecraft:mined":{"minecraft:grass":1,"minecraft:grass_block":6,"minecraft:oak_log":1,"minecraft:dirt":2}},"DataVersion":3465}