{"stats":{"minecraft:dropped":{"minecraft:grass_block":1},"minecraft:killed":{"minecraft:spider":1,"minecraft:horse":1},"minecraft:picked_up":{"minecraft:leather":2,"minecraft:oak_log":1,"minecraft:grass_block":1,"minecraft:string":2,"minecraft:dirt":8},"minecraft:used":{"minecraft:oak_log":1,"minecraft:netherite_sword":2,"minecraft:dirt":8,"minecraft:grass_block":16},"minecraft:custom":{"minecraft:time_since_rest":55821,"minecraft:crouch_one_cm":1775,"minecraft:play_time":55821,"minecraft:sprint_one_cm":4672,"minecraft:walk_one_cm":25674,"minecraft:sneak_time":386,"minecraft:mob_kills":2,"minecraft:drop":1,"minecraft:jump":298,"minecraft:damage_dealt":350,"minecraft:leave_game":1,"minecraft:time_since_death":55821,"minecraft:total_world_time":55821,"minecraft:fall_one_cm":1463,"minecraft:fly_one_cm":30692,"minecraft:horse_one_cm":7623},"minecraft:mined":{"minecraft:grass":1,"minecraft:grass_block":6,"minecraft:oak_log":1,"minecraft:dirt":2}},"DataVersion":3465}