{"stats":{"minecraft:dropped":{"minecraft:grass_block":52},"minecraft:killed":{"minecraft:spider":1,"minecraft:horse":1},"minecraft:picked_up":{"minecraft:leather":2,"minecraft:oak_log":1,"minecraft:grass_block":52,"minecraft:dirt":8,"minecraft:string":2},"minecraft:used":{"minecraft:oak_log":1,"minecraft:netherite_sword":2,"minecraft:dirt":8,"minecraft:grass_block":17,"minecraft:chest":6,"minecraft:grass":1},"minecraft:custom":{"minecraft:time_since_rest":124283,"minecraft:crouch_one_cm":5249,"minecraft:sprint_one_cm":19766,"minecraft:play_time":124283,"minecraft:walk_one_cm":58615,"minecraft:sneak_time":1287,"minecraft:mob_kills":2,"minecraft:drop":52,"minecraft:jump":726,"minecraft:damage_dealt":350,"minecraft:leave_game":4,"minecraft:time_since_death":124283,"minecraft:total_world_time":124283,"minecraft:fall_one_cm":1463,"minecraft:fly_one_cm":117409,"minecraft:horse_one_cm":7623},"minecraft:mined":{"minecraft:grass":1,"minecraft:grass_block":6,"minecraft:oak_log":1,"minecraft:dirt":2}},"DataVersion":3465}