{"stats":{"minecraft:mined":{"minecraft:grass":1,"minecraft:grass_block":6,"minecraft:oak_log":1,"minecraft:dirt":2},"minecraft:dropped":{"minecraft:grass_block":15},"minecraft:used":{"minecraft:oak_log":1,"minecraft:netherite_sword":2,"minecraft:dirt":8,"minecraft:grass_block":17},"minecraft:custom":{"minecraft:time_since_rest":83536,"minecraft:crouch_one_cm":1775,"minecraft:sprint_one_cm":7045,"minecraft:play_time":83536,"minecraft:walk_one_cm":34468,"minecraft:sneak_time":386,"minecraft:mob_kills":2,"minecraft:drop":15,"minecraft:jump":334,"minecraft:damage_dealt":350,"minecraft:leave_game":1,"minecraft:time_since_death":83536,"minecraft:total_world_time":83536,"minecraft:fall_one_cm":1463,"minecraft:fly_one_cm":38257,"minecraft:horse_one_cm":7623},"minecraft:picked_up":{"minecraft:leather":2,"minecraft:oak_log":1,"minecraft:grass_block":15,"minecraft:dirt":8,"minecraft:string":2},"minecraft:killed":{"minecraft:spider":1,"minecraft:horse":1}},"DataVersion":3465}