{"stats":{"minecraft:mined":{"minecraft:grass":1,"minecraft:grass_block":6,"minecraft:oak_log":1,"minecraft:dirt":2},"minecraft:dropped":{"minecraft:grass_block":15},"minecraft:used":{"minecraft:oak_log":1,"minecraft:netherite_sword":2,"minecraft:dirt":8,"minecraft:grass_block":17,"minecraft:chest":3},"minecraft:custom":{"minecraft:time_since_rest":105542,"minecraft:crouch_one_cm":3968,"minecraft:sprint_one_cm":11867,"minecraft:play_time":105542,"minecraft:walk_one_cm":43876,"minecraft:sneak_time":824,"minecraft:mob_kills":2,"minecraft:drop":15,"minecraft:jump":537,"minecraft:damage_dealt":350,"minecraft:leave_game":2,"minecraft:time_since_death":105542,"minecraft:total_world_time":105542,"minecraft:fall_one_cm":1463,"minecraft:fly_one_cm":72661,"minecraft:horse_one_cm":7623},"minecraft:picked_up":{"minecraft:leather":2,"minecraft:oak_log":1,"minecraft:grass_block":15,"minecraft:dirt":8,"minecraft:string":2},"minecraft:killed":{"minecraft:spider":1,"minecraft:horse":1}},"DataVersion":3465}