{"stats":{"minecraft:killed":{"minecraft:zombie":2},"minecraft:picked_up":{"minecraft:birch_log":18,"minecraft:raw_iron":15,"minecraft:oak_log":12,"minecraft:dirt":29,"minecraft:wheat_seeds":1,"minecraft:coal":7,"minecraft:cobblestone":114},"minecraft:used":{"minecraft:wooden_axe":36,"minecraft:leather_leggings":1,"minecraft:stone_pickaxe":18,"minecraft:bread":5,"minecraft:leather_chestplate":1,"minecraft:leather_helmet":1,"minecraft:wooden_pickaxe":122,"minecraft:leather_boots":1,"minecraft:wooden_sword":8,"minecraft:dirt":18,"minecraft:crafting_table":1,"minecraft:furnace":1},"minecraft:custom":{"minecraft:time_since_rest":13598,"minecraft:interact_with_furnace":3,"minecraft:sprint_one_cm":30650,"minecraft:damage_taken":190,"minecraft:walk_one_cm":19155,"minecraft:mob_kills":2,"minecraft:damage_dealt":390,"minecraft:interact_with_crafting_table":5,"minecraft:fly_one_cm":30437,"minecraft:open_chest":3,"minecraft:crouch_one_cm":4277,"minecraft:play_time":13598,"minecraft:sneak_time":2290,"minecraft:jump":203,"minecraft:leave_game":1,"minecraft:time_since_death":13598,"minecraft:total_world_time":13598,"minecraft:fall_one_cm":4871},"minecraft:crafted":{"minecraft:crafting_table":1,"minecraft:stick":4,"minecraft:iron_pickaxe":1,"minecraft:iron_ingot":7,"minecraft:stone_pickaxe":1,"minecraft:furnace":1,"minecraft:birch_planks":52},"minecraft:broken":{"minecraft:wooden_pickaxe":1},"minecraft:mined":{"minecraft:birch_log":20,"minecraft:iron_ore":15,"minecraft:birch_leaves":2,"minecraft:grass":1,"minecraft:coal_ore":7,"minecraft:grass_block":7,"minecraft:oak_log":12,"minecraft:dirt":22,"minecraft:tall_grass":1,"minecraft:stone":114,"minecraft:oak_leaves":1}},"DataVersion":3465}